<configuration>
  <!-- Metastore DB (Postgres) -->
  <property>
    <name>javax.jdo.option.ConnectionURL</name>
    <value>jdbc:postgresql://postgres-metastore:5432/metastore</value>
  </property>
  <property>
    <name>javax.jdo.option.ConnectionDriverName</name>
    <value>org.postgresql.Driver</value>
  </property>
  <property>
    <name>javax.jdo.option.ConnectionUserName</name>
    <value>ntk</value>
  </property>
  <property>
    <name>javax.jdo.option.ConnectionPassword</name>
    <value>123</value>
  </property>

  <property>
    <name>hive.metastore.uris</name>
    <value>thrift://hive-metastore:9083</value>
  </property>

  <property>
    <name>hive.metastore.warehouse.dir</name>
    <value>hdfs://tuankiet170-master:9000/user/ntk/warehouse</value>
  </property>
</configuration>
